al: AL, Al, Altho, al
am: AM, Am, Amalfi, am
an: AN, ANNNI, An, Anią, Anton, an
aw: AW, Awiw, aw
bc: BC, Bicz, bc
bi: BI, Bi, Biddy, bi
bo: BOIC, Boddy, Boze
br: Br, Break, br, break
bs: BS, BSLSS, bsap
bu: Buddy, bu, buddy
by: Bain, Bennie, Bleu, Boon, bleu, boon
bz: BZ, bzów
ca: CA, Ca, Caddo, Caddy, Cayo, Całej, Cheb, Kicki, ca, całej
cc: CC, COSPAR, Caspar
ce: CE, Ce, Cecil, Ceddo, ce
ci: CI, Ci, Coco, ci, ciego, donosu, wznosu
cl: CL, Cl, Claw
cy: CY, Cain, Cart, Coup, coup, cy
da: DA, Da, Daddy, Daiei, Danzel, d'Afra, da
dc: DC, Duarte, Dżazira
de: DE, De, Denzel, de
di: Di, Diddy, di
du: Droite, Du, Duffy, du
dy: Dieu, Dying, Dyrny, Najdek, dy
dz: DZ, Denizli, Dz, dz
ec: EC, Logana
ek: EK, Ek, Ezawa, ek
el: EL, El, Elfi, el
er: ER, Ergo, Erwin, er
ey: EY, Etsy, Ey
fg: FG, FGBMFI
fi: FILM, Fi, Film, fi, film
fo: FO, Flor
fr: FR, Fr, Freak, fr
ga: GA, GABA, Ga, Gaba, Gaby, Gang, ga, gaita, gang, garou
ge: GCSE, GE, ge
gm: GM, Gminę, gm, gminę
go: Gocza, Gorm
gr: Gr, Grima, gr
gw: Gniew, Gw, gniew
gy: Dwyer, gy
ha: HA, Ha, Hazfi, ha
he: HE, HEART, He, Heart, he, heart
ho: HO, Ho, Hoyo, ho
hy: Hoan, Hoon, hoon, hymnie
ic: IC, ICEM, Ic
id: ID, Id, id, idem
in: IN, In, Inyo, in
ir: IR, Ir, Irwin, ir
is: IS, Is, is, islm
it: IT, It, Item, it, item
ja: Jaani, Jaffy, Jard, jard
ji: Ji, Jing, ji, jing
jy: JY, Jennie, Joan, Joon, joon
ka: KA, Ka, Kaffy, Kaiu, Kang, ka
kc: KC, Kaspar
ke: KE, Ke, Keach, Kenny
ki: KI, Ki, Kibi, Kimi, ki, kimi
kn: Knie, kN
ko: KO, Ko, ko, koców
kp: KP, KPRP
ky: Koan, Kyau, kupnie, ky
la: LA, La, Latiny, la
lc: LC, Lanusse
le: LE, Le, Leoni, Leszki, le, lead, leik, leuk
li: Lego, Li, Liddy, li
lo: LO, Lo, lo, loco
ly: LY, Loan, Lois, Loup, Ly, Lyon, lieu
ma: Mardy, Mayo
mc: MC, Mabi, Mc
me: ME, Me, Mega, Menzel, Meszy, me, mega, mois
mg: MG, Mg, Muhu, mg
mi: Mimi, Missa, Mitani, Miłej, miłe
mk: MK, MKSA, Mk, Młynikiem, mk
ml: ML, meblach, meblami, ml
mn: Mn, Mniej, mn, mniej
mr: MR, Mr, Mróz, mróz
mu: Muddy, Munno
my: Kimo, MY, Mien, Moan, Moon, My, mego, moon, my
ne: Gnesen, NE, Ne, Neak, Neddy, Neli, ne, pzez
nt: NT, Nocy, nocy, nt
ny: NY, Noon, nY
ob: OB, Obce, ob, obce
oi: OIOM, Oi, oi
on: Jemu, Tamtego, jemu, niego, niemu, nimi, tamtego
op: OP, OPEN, Op, Open, op, open
or: OR, Or, Ordzie, or
os: OS, OSzG, Os, Osip, os
pa: PA, Pa, Paddy, Plaani, pa
pc: PC, pilność
pe: PE, Pe, Peach, Pyei, pe, penk
ph: PH, Ph, Pharr, pH, ph
pi: Pi, Pich, pi
pn: PN, Pnie, pn, pnie
po: Peak, Poor, Pourr
ps: PS, Ps, ps, psem, psów
pt: PT, Pilźnie, Pins, Pipo, Pt, pt
pu: PU, Pu, Puddy, pupa
pw: PW, Pniew, pw
pń: Pilawa, Pysk, pysk
ra: RA, Ra, Rauni, Rayo
re: RE, Re, Read, Reddy, Reschny, re, read
ri: Ri, Rich, Riego, Riffy, ri
rl: RL, Risle
ro: Ro, Roddo, Roddy
ru: Ru, Ruddy, ru
ry: RY, Rego, Roan, Ronnie, Ry, rożnie
sc: SC, Sc, Sippar, sc
se: SE, Se, Size, se, size
sh: SH, Sh, Shiu, sh
si: SI, Si, si, sich
sk: SK, Skoro, Skłoby, Sobków, Szenków, sk, skoro, suity
sn: SN, Sn, Snap
so: SO, So, Sodom, Soyo, so, sotni
sp: SP, SPIN, Sp, Space, Spiel, Spin, sp, space, spin
st: Ogosty, ST, St, Starr, Styro, st, stosy
sy: Horna, Kisłowodzku, SY, Soon, Sy, Warna, soon, soup, sąsiedzku, Čorna
sz: SZ, Sz, Szent, sz
te: Teddy, Testa, testa
ti: Ti, TiCr, Tibi, ti, tibi
tr: TR, Trani, Trsek, tr
tt: TT, Tipo, Togo
ty: Ciebie, Toan, Tobie, Tobą, Ty, ciebie, tain, tobie, tobą, ty
uc: UC, Uruski
um: Goeze, UM, Um, Wieze, um, umów
up: UP, UPRP, Up, up
ur: UR, Ur, Ursulę, ur
us: US, Us, Uses, us
vi: Vilm, Vitiny
vo: VO, VOIP, VoIP
we: Wenzel, Westa
wh: WH, White, white, whom
wi: WI, Wi, Widmo, wi, widmo
wk: Banków, Pankowie, WK, banków
wo: Woddy, wo
ws: WS, WSiP, ws
ww: WW, WWAN, ww
wy: Wami, Want, Wopy, Wy, wami, want, wy
ya: YA, Ya, Yaba, Yayo, Yayoi, ya
ye: Ye, Yeni, ye
yo: Yo, Yoyo
za: Zanbil, Znad, znad
zc: Zc, Zduń, Zenona, Zuloaga
zi: Zi, Zimna, zi, zimna
zp: ZP, ZPRP
zz: ZZ, zzite
ąc: Arzamas, Brzesku, Miłość, Rozalii, bitul, figurą, miłość, pejzaży, pios, przeróbek, zestawowi
ły: Honfleur, Scelleur, Łebnie
