aeć: APRA, Again, Alright, again
aić: ADAP, AIPN
anć: Ankoną, Anseau
arć: Ariane, Arrows
auć: AUTO, Actio, Audio, Auto, actio, audio, auto
ayć: ABCW, Adlitz, Adontz, Antić, Atlas, Dziadek, atlas, dziadek
aąć: Aikin, Alguien, Annique, Antique, Arsinoe
aść: Alagoas, Alvydas, Arvydas, Gatsby
b1ć: B101, B191
bać: Baard, Ballinie, Baltra, Bankau, Barkin, Bałuty, baetkei, baliw, bać
beć: Beatty, Bech, Bell, Belma, Berlinie, Berno, Bernt, Borno, Bołtuć, Brousse, Buresk, brudną, błonę
bić: Białki, Bible, Bindugi, Birula, Bisygoń, bije, biją, biję, bimy, bito, bić, biła, biło, biły, drób
blć: Blumau, Blunt
boć: BOPP, Boguski, Boing, Bois, Bopp, Bosgan, bois, boksy
buć: Blue1, Buena, Bull, Bureau, bull
być: BYTE, Blond, Bobitz, Bunyan, Buzzo, Byliśmy, Byte, Byłam, Byłem, Byłeś, Bądź, Bądźcie, Będziesz, Będę, blond, byliby, bylibyśmy, byłaby, byłam, byłby, byłbym, byłem, byłoby, byłyby, bądź, bądźcie, będziemy, będziesz, będę
bąć: Baroque, Basen, Batuque, Bieńka, Boerem, Bourque, Buarque, Bunce, Bushowi, Bytuje, basen, batuque, bazuje, biogr, bytuje, bytują, bzang, bądż
bść: Bajadas, Bondsowi, Borduas
cać: Cable, Cahal, Cana, Cano, Cała, Cały, cała, cało, cały
ceć: Caliban, Carnegie, Cell, Cerkwy, Certain, Consolido, Cowan, Cémno, cell
chć: Childa, cheiro
cić: Cible, Ciryam, Citywalk, cinksii, cis1, kogoś
coć: Cobaina, Count, conversae, covesii
cuć: CaTiO, CuA1, Culpa, Curien, Curtain
cyć: Canaan, Canitz, Cisy, Crantz
cąć: Coronae, Coucy, Croat, Cyża, Czang, czang, czołem
cść: Canadesi, Chajdas, Chivasso, Cosby
dać: Daisy, Dani, Dasz, Dałaś, Dało, dadzą, danemu, dano, dać, dała, dałby, dało, dałoby, dały
deć: DAAD, Dede, Dell, Depp, Deresi, Detta, Ditko, Dookoła, Dowty, Dydo, diaboł, dookoła, dłuta
dić: DISY, Danzą, Dionie, Dürer, div1, dyert
doć: Doing, Doll, Done, Dopes, Dozier
drć: Droz, drite
duć: Dubaj, Dudy, Dull
dyć: Deen, Demetz, Drew, Dönitz, dient, dobą, doczep
dąć: Divinae, Donohue, Dubuque, Dęta, deusque, divinae, dęta, dęte, dętej, dęty, dętych, dętą
dść: Denial, Dorsta, dotarciu
eić: Cohen, Ebinga, Eito, erreur
elć: Ellmau, elblae, elenae
eyć: ECCW, Ediz, Ersatz, Etoile, Eyez, erew
eąć: Eisen, Enrique, Erkart
eść: Holtzer, Korb, MOOTW, Potocki, cordata, Łotocki
eźć: Brockrisa, Maricę, agogo, areas, oreas
fać: FOOD, Fane, Fano, Farsalę, Food, food
feć: Fell, Filipa, Fruit
fić: Fiend, Fiona, Fiony, fatale, filtra, firmom, fis1
flć: Floyd, Flunt
foć: Foresi, Formal
frć: Freyd, friesii
fuć: Fatio, Full, Fulp, full
fyć: Fomenko, Frantz
fść: Foeldesi, Fracasso
gać: Galpa, Gamy, Ganej, Gano, Gauguinem, Gauss, Gać, Good, Graeca, gamy, good
geć: Gell, Genewy, Genoa, Germot, Greene, Gump, Górno, geja, górno
gić: Gidio, Giteau, gancho, gołym
goć: Going, Gonzaga, Gosań
grć: Graeter, Grunt, Grygar, grunt
guć: Gubec, Gudelj, Guhrau, Gull
gyć: Gojira, Goletz, Gräntz, Gyll, getatot
gąć: Genoą, Gianluca, Gusen
hać: Haard, Hanssen, Hood, hostów
heć: HELP, Helemu, Hell, Help, Hepp, Horno, Hussakofa
hić: Haima, Hiszep, hinduski
huć: Hull, Huć, hull
hyć: Hymny, huayan, hymny
hąć: Hongxue, Huang, Hyper
idć: Idayam, Ideas, ideas, ideowo
ieć: Inuit, Izumo
jać: JCSAT, Jacoby, Jamy, Janaab, Jane, Janssen, Janą, jamy, jać
jeć: JE21, JUMP, Jamno, Jarno, Jepp, Jezreel, Joch, Jump, jump
juć: Jugol, Juneau, Jungvolk
jść: Haana, Kayticz, Osicki, ogniwach, szliby, szło
kać: Dwory, Kaidy, Kają, Kamy, Kania, Kaniach, Kano, Karen, Karns, Kasyna, Kayą, czołgu, dwory, kabały, kasyna, kasz, ujmując
keć: Kioto, Korkuta
kić: Kaima, Kiedyś, Kieliszek, Kirkny, Kiszki, Krone, kiedyś, kiszki, kolaż, konstr
klć: KL41, Klasztory, Klient, Klwów, klasyki, klasztory, klient
koć: KOCH, Koch, Kolejki, Kopina, Kopp, Korsyki, Kozar, kokainę, kolejki
krć: Krainie, Krakau, Kryonia, krainie
kuć: Kubaj, Kull, Kuć, kute, kutego, kutej, kutym, kutą, kuć
kwć: Kwiat, Kwiaty, kwiat, kwiaty
kyć: Kaditz, Kahaan, Knortz, Kody, Konitz, Kraatz, Krantz, Krentz, kody, kwezo
kąć: Kardeca, Karins, Kisen, Koreanki
kłć: Kławdij, kłębów
kść: Kalidas, Köpetdag
l2ć: L201, L221
lać: Lajedinho, Lazos
leć: Labyrint, Lebeau, Lend, Leć, lend, leć, limno
lić: LOST, Libiąż, Lili, Lisouski, Lito, Lost
llć: Lloyd, llamas
loć: LOPES, LOPP, Lopes, Lopesii
luć: Lubek, Lubichowie, Luli
lyć: Libyan, Lilyan, Loritz, Lovitz, Lying
ląć: LZTT, Laessoe, Leper, listw
mać: Maaria, Mahal, Mahiszę, Maksud, Malchei, Mall, Mamert, Mano, Maqsud, Martiną, Maryam, Mask, MatiiiI, Mayas, Mayą, Mało, Mood, mano, mat1, mało
meć: Mech, Mehta, Merit, Merwe, Mieżko, Moll, Morawy, miest, misasagi, modela, moll
mić: Mamicia, Marcy, Mesyna, Mifsud, Milton, Mioduski, Mito, Moncho, milpa, mokrą
moć: Moreau, Morriem, Mortain, Moskiwie, Mount, Moyą, modemy, mount
muć: Mull, Murcia, Murilinho, Muskau, Musser, Muto
myć: Marpa, Maryan, Melanie, Militz, Monitz, Moritz, Mort, Myje, mezzo, musej, mycia, myje, myło, myślami
mąć: Marien, Martins, Mexique, Minogue, Monique, Montien, Montier, Montt, Muang, Musique
mść: Moab, Moody, Mozarta
nać: Naama, Nano
neć: Nell, Netofa, Niegdyś, Niewielki, niegdyś, niewielki
nić: Natale, Nigula, Nizin, Nić, Niżny, natale, nizin, nić
noć: Norwegowie, normal
nąć: Bega, Belarusi, Benetton, Haraf, LINKS, Laonu, Links, MRPO, Miau, Miedź, Piau, Piontek, Stratton, Stretton, Ukraini, Wight, bega, elfkę, emirowie, links, miedź, sipur, wygranie
odć: odbiorcze, odeń, odwiert
oeć: odrodzony, ogórka, opowiadaie
oić: Ozzano, odpadli, opima
olć: Olli, oldschool
orć: Oreiro, Orkadów, Orroroo
ość: Oksywiu, ośmioma, ość
pać: PALP, Palmas, Pano, Papp, Parrów, Pasewalk, Pearce, pane
peć: Pech, Peja, Peng, Peterseil, Podgorje, Pogoń, Porno, Pump, pogoń, porno
pić: Pamicia, Pancho, Perla, Picia, Pieroni, Pipes, Pić, Piła, Piły, picia, picie, piciu, piją, pijąc, pili, pito, pić, piły
poć: Pohnpei, Poing, Poll, Pompeii, Popes, Popp, podczaś, poetyka, pozioma, połka
prć: Perle, prasł
puć: Patio, Pulkau, Pull, Pulp, Puto, pull, pulp
pyć: Papaan, Patitz, Pekina, Perutz, Pest, Printz, pozzo
pzć: PZLA, PZPN
pąć: Paper, Peper, Presque, Prestoe, Pryski, pantins, paper, presque
pść: Pawiń, Priroda, Pruska, piekieł, potarciu, pruska, pruski, pruską
pźć: Pedele, Pedeli
qąć: Quang, quelque, quisque
rać: Radhy, Radiem, Radio, Raed, Rahal, Rano, Rapp, Rasks, radio, rano, rało
reć: REDCO, Rede, Reinert, Riazań, Rowan
rić: Rancho, Ricia, Rideau, Rifle, Rimouski, rancho
roć: Rodgau, Rogelj, Rogol, Rogoyski, Roll, Rooma, Ropes, Roseau, roll
ruć: Rupp, Ruta, Ruty, ratio
ryć: Rayyan, Rezzo, Rizzo, Rogotz, Rokitz, Rycin, Ryll, Ryty, resztek, rycie, ryte, ryty, rytym
rąć: Raper, Remains, Requins, Risen, Roper, raper, remonty, romains
rść: Redutą, rozłamy
sać: Saamów, Samary, Samy, samy, sprzyjając, spół
seć: Saad, Sarno, Saszo, Sell, Selma, Semrau, Sepp, Serbowi, Sight, samouk, sight, szpadzie
sić: Sancho, Scheur, Siarhei, Sieczychy, Siedlów, Silesii, Sireau, Slepo, Sokcho
skć: SKLP, Skobel, skrzyp
snć: SN11, SN81, Sneap
soć: Sorgono, Sotera
spć: Spezia, Spraw, spraw
stć: Staluszką, Steiert, Stil, Straży, Stripes, Stunt, straży
syć: Salyan, Sampras, Schatz, Schutz, Shmotz, Steutz, Stoltz, Stürtz, skeczy, snopy, szachu
szć: Szkole, Szkot, szkole, szwów
sąć: Squier, Swinhoe
tać: Tabeau, Tadzin, tamy
teć: Teano, Tede, Tell, Treene, Troksy, Turno, trudną, turno, tuzina
thć: THANI, Thane, Thani
tić: Tadicia, Thury, Timorze, Tito
toć: Toit, Toll, Torgau
tuć: Tull, tueur
tyć: Teen, Tomenko, Tyrawa, tamtędy, tyć, tyłem, tyły
tąć: Taang, Tałgat, Torigoe, Toucy, Traum
ueć: Ukrainę, Upright
uąć: Unruga, ubogie
wać: Beng, CEDAW, Curt, Czad, Ehle, FARM, Farm, Kaszb, Rudaw, TSHT, Wall, Wood, Wydaw, asyz, farm, gółka, kaszb, wisi, wpół, węży
weć: Well, Werno, Workuta, Wołodymyr, well
wić: Wehrli, Widows, Wilton, Wira, Wiszka, wiją, willami, władyka
wyć: Wawryk, Wycin, waha, wenyan, wysiewa, wyć
wąć: WZKart, Wacek, Walii
yeć: Yaad, Yell
zać: Zamoyski, Zass
zdć: Zdjęcia, zdjęcia, zdjęciu
zeć: Daim, Diunę, Prahy, Taiki, ZASP, Zarzoleja, Zell, Zepp, zimno
zić: ZPAP, Zito, Zuga
zsć: ZSRR, znać
zuć: Zuazo, Zuluzinho
złć: Złoczowie, Złotousty
ąść: TWSS, Winona
śać: Owocuje, owocuje, owocują
żeć: żebyś, żeli
żuć: żucia, żuli
żyć: Życia, Życiu, Żyje, Żyją, Żyję, Żyć, życia, życiem, życiu, żyje, żyjemy, żyją, żyć, żyłeś, żyło, żyłoby
